set,group,n,BGC,SUBC,WRAP_E,MD,FID,FID_DINO,FID_KD
baseline,rotate_hard,22,0.9664,0.8523,0.0416,14.0096,,,
baseline,resize_hard,23,0.9631,0.8391,0.0585,19.4713,,,
baseline,move_all,67,0.9639,0.959,0.0495,,,,
baseline,all_200,200,0.9657,0.9154,0.0488,,132.279,1636.8248,0.1268
c0_g1,rotate_hard,22,0.9664,0.8462,0.0421,15.6999,,,
c0_g1,move_all,67,0.9638,0.9572,0.0496,,,,
c0_g1,resize_hard,23,0.9629,0.8352,0.0583,19.6627,,,
c0_g1,all_200,200,0.9655,0.9119,0.049,,132.5718,1637.0264,0.1252
c0_g1_g3,rotate_hard,22,0.9651,0.8454,0.0417,15.1853,,,
c0_g1_g3,resize_hard,23,0.957,0.8349,0.058,23.4173,,,
c0_g1_g3,move_all,67,0.9598,0.9571,0.0495,,,,
c0_g1_g3,all_200,200,0.9618,0.9116,0.0488,,132.7766,1641.7839,0.1343
c0_r2,rotate_hard,22,0.9636,0.8504,0.0395,14.4703,,,
c0_r2,move_all,67,0.9629,0.9594,0.049,,,,
c0_r2,resize_hard,23,0.9556,0.8352,0.0584,20.1206,,,
c0_r2,all_200,200,0.9635,0.9146,0.0478,,131.9377,1634.1931,0.1269
