comparison,group,metric,n,mean_ref,mean_new,delta,ci95_lo,ci95_hi,wilcoxon_p,better,tie,worse,frac_better,frac_worse,d_z
SGR_EPSREC vs FREEFINE_BASELINE,all_5677,SUBC,5677,0.9113285210490836,0.9143857614494701,0.0030572404003865678,0.0028738011073033034,0.003240293212679883,1.8344294190193923e-279,3058,1610,1009,0.5386647877400035,0.1777347190417474,0.4299245177533281
SGR_EPSREC vs FREEFINE_BASELINE,all_5677,BGC,5677,0.9670339197639598,0.9671151136163466,8.119385238682403e-05,4.764978201514885e-05,0.00011387781838999471,7.040260220327222e-12,1295,3397,985,0.2281134401972873,0.17350713404967413,0.06479260548298103
SGR_EPSREC vs FREEFINE_BASELINE,all_5677,WRAP_E,5677,0.047372412508672856,0.029229347107459613,-0.01814306528406641,-0.018701633288630334,-0.01758922952417868,0.0,3640,1615,422,0.6411837237977805,0.07433503611062181,-0.8515786081225382
SGR_EPSREC vs FREEFINE_BASELINE,move_1439,SUBC,1439,0.9591650177903934,0.9664953171668407,0.007330299376447307,0.006921297893746191,0.007754331328042103,1.7873016283367713e-207,1320,0,119,0.9173036831132731,0.08269631688672689,0.9125346227740502
SGR_EPSREC vs FREEFINE_BASELINE,move_1439,BGC,1439,0.9669953771064975,0.9671687695448228,0.00017339243832522586,9.262583336952747e-05,0.00025381972344075735,7.593521601324382e-08,553,490,396,0.3842946490618485,0.2751911049339819,0.11079665840999205
SGR_EPSREC vs FREEFINE_BASELINE,move_1439,WRAP_E,1439,0.04891552718407675,0.012054393327937228,-0.036861133856139525,-0.03798954203410213,-0.035765534449366074,8.858099539634698e-237,1439,0,0,1.0,0.0,-1.7239260888422334
SGR_EPSREC vs FREEFINE_BASELINE,rotate_1603,SUBC,1603,0.9008177713684491,0.9008177713684491,0.0,0.0,0.0,,0,1603,0,0.0,0.0,
SGR_EPSREC vs FREEFINE_BASELINE,rotate_1603,BGC,1603,0.9673128752729258,0.9673128752729258,0.0,0.0,0.0,,0,1603,0,0.0,0.0,
SGR_EPSREC vs FREEFINE_BASELINE,rotate_1603,WRAP_E,1603,0.04332575732346853,0.04332575732346853,0.0,0.0,0.0,,0,1603,0,0.0,0.0,
SGR_EPSREC vs FREEFINE_BASELINE,resize_2635,SUBC,2635,0.8915987346837372,0.8941822841904874,0.0025835495067502356,0.0022956380050141675,0.0028757519163262043,5.585018636766341e-83,1738,7,890,0.6595825426944971,0.3377609108159393,0.33966829524697184
SGR_EPSREC vs FREEFINE_BASELINE,resize_2635,BGC,2635,0.9668852659511386,0.9669655034392789,8.023748814041746e-05,2.6864734048861485e-05,0.00013601458728652752,9.36990688926446e-06,742,1304,589,0.28159392789373816,0.2235294117647059,0.056201995163174596
SGR_EPSREC vs FREEFINE_BASELINE,resize_2635,WRAP_E,2635,0.04899148129196558,0.030033222975569828,-0.018958258064007683,-0.019667456012821428,-0.018258370226049772,0.0,2201,12,422,0.8352941176470589,0.1601518026565465,-1.0340541736086304
SGR_EPSREC vs FREEFINE_BASELINE,resize_severe_759,SUBC,759,0.7991176845213799,0.7994890886019027,0.0003714040805228602,2.2174616262059312e-05,0.0007063309174909552,0.04318478255837748,411,0,348,0.541501976284585,0.45849802371541504,0.07777770358234987
SGR_EPSREC vs FREEFINE_BASELINE,resize_severe_759,BGC,759,0.9651158751235178,0.9651203783761528,4.503252635046113e-06,-0.00014153079710144928,0.00014732069334650856,0.38707430427876444,313,149,297,0.41238471673254284,0.391304347826087,0.0022482869235096706
SGR_EPSREC vs FREEFINE_BASELINE,resize_severe_759,WRAP_E,759,0.058100817519283886,0.05812840109816529,2.7584455090327468e-05,-3.476340072414394e-05,9.095712929221173e-05,0.005999041495264255,332,5,422,0.43741765480895917,0.5559947299077734,0.03114739088808173
SGR_EPSREC vs FREEFINE_BASELINE,resize_nonsevere_1876,SUBC,1876,0.9290151083901492,0.932493657032564,0.0034785486424147223,0.0030962720338596757,0.0038634113800614647,7.429017412977192e-89,1327,7,542,0.7073560767590619,0.2889125799573561,0.4179487639864545
SGR_EPSREC vs FREEFINE_BASELINE,resize_nonsevere_1876,BGC,1876,0.9676011335621002,0.9677120119269723,0.00011087836487206823,6.090501732409381e-05,0.00016163254597547974,6.595215410156148e-08,429,1155,292,0.2286780383795309,0.15565031982942432,0.09964578202841386
SGR_EPSREC vs FREEFINE_BASELINE,resize_nonsevere_1876,WRAP_E,1876,0.04530598758379149,0.01866635719995684,-0.02663963038383465,-0.027374267998390902,-0.02588924825868106,7.255779562916672e-307,1869,7,0,0.996268656716418,0.0,-1.630527877263992
SGR_EPSREC vs FREEFINE_BASELINE,diff_easy,SUBC,1892,0.941675687189082,0.9454036618703011,0.003727974681219139,0.003413435646645869,0.004053547743700019,1.1629858802949631e-127,1142,440,310,0.6035940803382663,0.1638477801268499,0.5181582351091671
SGR_EPSREC vs FREEFINE_BASELINE,diff_easy,BGC,1892,0.9708608099068446,0.9709258452530392,6.503534619450318e-05,1.806537394291755e-05,0.00011175369359474093,1.2578726969136489e-05,407,1197,288,0.21511627906976744,0.1522198731501057,0.061510696285495325
SGR_EPSREC vs FREEFINE_BASELINE,diff_easy,WRAP_E,1892,0.046241102187017484,0.02489239115668776,-0.021348711030329724,-0.022263845334000647,-0.020443160835541912,6.8169940446627634e-239,1450,440,2,0.766384778012685,0.0010570824524312897,-1.057679796921541
SGR_EPSREC vs FREEFINE_BASELINE,move_easy,SUBC,484,0.9602680008027179,0.9672854510713215,0.007017450268603555,0.006286668337204247,0.007799222452704571,2.9282650803776675e-70,436,0,48,0.9008264462809917,0.09917355371900827,0.8171692394679774
SGR_EPSREC vs FREEFINE_BASELINE,move_easy,BGC,484,0.9695288287706612,0.9696438371642562,0.00011500839359504132,-2.1185756714876034e-05,0.000244140625,0.0005034379556523553,203,147,134,0.4194214876033058,0.2768595041322314,0.07724214665352934
SGR_EPSREC vs FREEFINE_BASELINE,move_easy,WRAP_E,484,0.050824510155642336,0.015119312229885138,-0.0357051979257572,-0.03771680306075946,-0.033798914536021595,5.185385727416231e-81,484,0,0,1.0,0.0,-1.6051876076156246
SGR_EPSREC vs FREEFINE_BASELINE,rotate_easy,SUBC,434,0.9340537752149292,0.9340537752149292,0.0,0.0,0.0,,0,434,0,0.0,0.0,
SGR_EPSREC vs FREEFINE_BASELINE,rotate_easy,BGC,434,0.9707593786002304,0.9707593786002304,0.0,0.0,0.0,,0,434,0,0.0,0.0,
SGR_EPSREC vs FREEFINE_BASELINE,rotate_easy,WRAP_E,434,0.043904650817540906,0.043904650817540906,0.0,0.0,0.0,,0,434,0,0.0,0.0,
SGR_EPSREC vs FREEFINE_BASELINE,resize_easy,SUBC,974,0.9358330075256144,0.939587506670237,0.003754499144622681,0.003307950730747271,0.004212443044053458,4.349301025362603e-60,706,6,262,0.7248459958932238,0.26899383983572894,0.5186110234932951
SGR_EPSREC vs FREEFINE_BASELINE,resize_easy,BGC,974,0.9715678941542608,0.9716370756866016,6.918153234086242e-05,3.0078927104722794e-06,0.00013535517197125257,0.006989729569611848,204,616,154,0.20944558521560575,0.15811088295687886,0.0669131439661316
SGR_EPSREC vs FREEFINE_BASELINE,resize_easy,WRAP_E,974,0.0450046036629296,0.021277246914143816,-0.023727356748785778,-0.02468292905972962,-0.0227633080706556,5.6048146139785934e-160,966,6,2,0.9917864476386037,0.002053388090349076,-1.5487703398624555
SGR_EPSREC vs FREEFINE_BASELINE,diff_medium,SUBC,1892,0.9273631090404619,0.9306630383838307,0.0032999293433687406,0.0029612886729250484,0.003634686737339037,8.934739241895614e-102,1088,490,314,0.5750528541226215,0.16596194503171247,0.4358918850563225
SGR_EPSREC vs FREEFINE_BASELINE,diff_medium,BGC,1892,0.9661289723176533,0.9662807214587738,0.0001517491411205074,9.445609804439746e-05,0.00020904218419661735,1.8224975151274182e-10,494,1080,318,0.26109936575052856,0.16807610993657504,0.11940046967690875
SGR_EPSREC vs FREEFINE_BASELINE,diff_medium,WRAP_E,1892,0.045525504510553094,0.0238410377774252,-0.02168446596080092,-0.02265372553951353,-0.02071222328033267,4.624736116907662e-226,1331,492,69,0.7034883720930233,0.03646934460887949,-1.0136202139872261
SGR_EPSREC vs FREEFINE_BASELINE,move_medium,SUBC,542,0.9610201774708019,0.968214804176035,0.007194626705233023,0.006613475680901116,0.007802817558120535,9.756246138255877e-81,508,0,34,0.9372693726937269,0.06273062730627306,1.0204235443007632
SGR_EPSREC vs FREEFINE_BASELINE,move_medium,BGC,542,0.9660320211600554,0.966252738699262,0.00022071753920664206,8.107991236162362e-05,0.000363057829797048,0.0036191751080485706,224,146,172,0.4132841328413284,0.3173431734317343,0.13046704810523235
SGR_EPSREC vs FREEFINE_BASELINE,move_medium,WRAP_E,542,0.04854978731279713,0.010845873280686483,-0.03770391403211064,-0.03941898377492565,-0.036023428579363755,1.755659216345658e-90,542,0,0,1.0,0.0,-1.869199758966931
SGR_EPSREC vs FREEFINE_BASELINE,rotate_medium,SUBC,489,0.9168715440422479,0.9168715440422479,0.0,0.0,0.0,,0,489,0,0.0,0.0,
SGR_EPSREC vs FREEFINE_BASELINE,rotate_medium,BGC,489,0.9666620734279141,0.9666620734279141,0.0,0.0,0.0,,0,489,0,0.0,0.0,
SGR_EPSREC vs FREEFINE_BASELINE,rotate_medium,WRAP_E,489,0.04265004156035205,0.04265004156035205,0.0,0.0,0.0,,0,489,0,0.0,0.0,
SGR_EPSREC vs FREEFINE_BASELINE,resize_medium,SUBC,861,0.9121345889416029,0.9148569799327961,0.0027223909911932164,0.0021446604433098485,0.0033117823882523882,9.35622097962026e-29,580,1,280,0.6736353077816493,0.3252032520325203,0.3069462280847277
SGR_EPSREC vs FREEFINE_BASELINE,resize_medium,BGC,861,0.965887231416957,0.966081749963705,0.00019451854674796748,0.00010604947009291521,0.00028185340447154473,5.184317629601661e-10,270,445,146,0.313588850174216,0.16957026713124274,0.14774686867498132
SGR_EPSREC vs FREEFINE_BASELINE,resize_medium,WRAP_E,861,0.04525481938143816,0.021339035811549657,-0.02391578187274259,-0.025143447307690893,-0.022733874995410536,5.49825112471877e-135,789,3,69,0.9163763066202091,0.08013937282229965,-1.3447457220700283
SGR_EPSREC vs FREEFINE_BASELINE,diff_hard,SUBC,1893,0.8649712686367408,0.8671155683401081,0.0021442997033672873,0.0018664877029304092,0.002435746500086544,2.879192686116607e-53,828,680,385,0.43740095087163233,0.20338087691494983,0.33349289733573323
SGR_EPSREC vs FREEFINE_BASELINE,diff_hard,BGC,1893,0.9641135206187269,0.9641403464243264,2.682580559957739e-05,-3.6627542260961435e-05,8.976327258320126e-05,0.193232013088801,394,1120,379,0.20813523507659798,0.20021130480718435,0.019107029576644664
SGR_EPSREC vs FREEFINE_BASELINE,diff_hard,WRAP_E,1893,0.05034905754882846,0.038949474900003424,-0.01139958306942728,-0.012366014562680824,-0.010490077709401833,9.380455614107005e-100,859,683,351,0.4537770734284205,0.18541996830427893,-0.5505052031532555
SGR_EPSREC vs FREEFINE_BASELINE,move_hard,SUBC,413,0.9554378015077143,0.9633127826178045,0.007874981110090206,0.007074140557076676,0.008720890921484186,2.893566467222532e-60,376,0,37,0.910411622276029,0.08958837772397095,0.9213630393651865
SGR_EPSREC vs FREEFINE_BASELINE,move_hard,BGC,413,0.9652906514830508,0.9654703578995157,0.00017970641646489105,3.7832929782082326e-05,0.00032630901937046004,0.0017002324371703432,126,197,90,0.3050847457627119,0.2179176755447942,0.12160119778950337
SGR_EPSREC vs FREEFINE_BASELINE,move_hard,WRAP_E,413,0.047158343774865635,0.010048575209455665,-0.03710976856540997,-0.03931798587033383,-0.035054401466994324,2.051601844503992e-69,413,0,0,1.0,0.0,-1.6958410976892642
SGR_EPSREC vs FREEFINE_BASELINE,rotate_hard,SUBC,680,0.8680608294465962,0.8680608294465962,0.0,0.0,0.0,,0,680,0,0.0,0.0,
SGR_EPSREC vs FREEFINE_BASELINE,rotate_hard,BGC,680,0.9655811982996324,0.9655811982996324,0.0,0.0,0.0,,0,680,0,0.0,0.0,
SGR_EPSREC vs FREEFINE_BASELINE,rotate_hard,WRAP_E,680,0.04344220619366932,0.04344220619366932,0.0,0.0,0.0,,0,680,0,0.0,0.0,
SGR_EPSREC vs FREEFINE_BASELINE,resize_hard,SUBC,800,0.8156417943537235,0.8166502845287323,0.0010084901750087752,0.0005869796797633193,0.0014415497016161706,3.316096074105755e-05,452,0,348,0.565,0.435,0.16349511798497968
SGR_EPSREC vs FREEFINE_BASELINE,resize_hard,BGC,800,0.96225830078125,0.96222900390625,-2.9296875e-05,-0.000159912109375,0.0001025390625,0.7179624177120337,268,243,289,0.335,0.36125,-0.01560290885645215
SGR_EPSREC vs FREEFINE_BASELINE,resize_hard,WRAP_E,800,0.05786708718652203,0.050050742765632705,-0.007816345416139403,-0.009031951828445708,-0.006648436030247898,8.682275948263775e-15,446,3,351,0.5575,0.43875,-0.4487896393464221
SGR_MIDHF_EPSREC vs FREEFINE_BASELINE,resize_severe_759,SUBC,759,0.7991176845213799,0.7995244254786349,0.0004067409572551049,5.785668850416236e-05,0.0007378974804293954,0.04106687255197899,412,0,347,0.5428194993412385,0.45718050065876153,0.08541345637374462
SGR_MIDHF_EPSREC vs FREEFINE_BASELINE,resize_severe_759,BGC,759,0.9651158751235178,0.9651197350543478,3.8599308300395254e-06,-0.00014281744071146244,0.00014796401515151516,0.3632414623230442,303,158,298,0.39920948616600793,0.3926218708827404,0.0019101790089580534
SGR_MIDHF_EPSREC vs FREEFINE_BASELINE,resize_severe_759,WRAP_E,759,0.058100817519283886,0.058113005792258664,1.2189680367213551e-05,-4.950766351018495e-05,7.517411068311787e-05,0.059795101241076135,357,2,400,0.47035573122529645,0.5270092226613966,0.013847562368241341
SGR_MIDHF_EPSREC vs SGR_EPSREC,resize_severe_759,SUBC,759,0.7994890886019027,0.7995244254786349,3.533970383002039e-05,1.0168658414847674e-05,6.092340441246306e-05,0.0038308525923435293,422,4,333,0.5559947299077734,0.43873517786561267,0.0984342730962041
SGR_MIDHF_EPSREC vs SGR_EPSREC,resize_severe_759,BGC,759,0.9651203783761528,0.9651197350543478,-6.433218050065876e-07,-3.1522768445322796e-05,2.959280303030303e-05,0.9248060372220102,193,364,202,0.25428194993412384,0.26613965744400525,-0.001499737956051103
SGR_MIDHF_EPSREC vs SGR_EPSREC,resize_severe_759,WRAP_E,759,0.05812840109816529,0.058113005792258664,-1.539078701637978e-05,-1.853294484330405e-05,-1.262640595908334e-05,6.117829305301488e-49,561,35,163,0.7391304347826086,0.2147562582345191,-0.3658300975044383
